DATE,pred,ci_lower,ci_upper,pred_acc,pred_vel,country,ISO,npi_stringency_index,tests_new_per_thousand,stats_population_density,stats_population_urban,country_name,infections_var,risk_index,latitude,longitude
2020-01-13,10.465265723694175,0.0,308.62826435224105,0.248346788027697,2.0998278126375665,belgium,BEL,0.0,,375.564,3081719.0,Belgium,,,50.6402809,4.6667145
2020-01-14,10.5806087374377,0.0,267.8097040072762,0.20635800787371747,2.176309870721231,belgium,BEL,0.0,,375.564,3081719.0,Belgium,0.11534301374352474,0.06920580824611484,50.6402809,4.6667145
2020-01-15,10.280532662201386,0.0,239.4677431715606,0.1961229044026065,2.190859328253482,belgium,BEL,0.0,,375.564,3081719.0,Belgium,-0.30007607523631386,-0.1800456451417883,50.6402809,4.6667145
2020-01-16,9.860840921941177,0.0,219.03977731876662,0.1962948638542671,1.7886789516448698,belgium,BEL,0.0,,375.564,3081719.0,Belgium,-0.41969174026020895,-0.2518150441561254,50.6402809,4.6667145
2020-01-17,9.435264673211956,0.0,199.7155345329577,0.12968927082274417,1.5578814977242688,belgium,BEL,0.0,,375.564,3081719.0,Belgium,-0.4255762487292216,-0.25534574923753295,50.6402809,4.6667145
2020-01-18,8.632067112728887,0.0,179.57358540620865,0.08459826942222021,1.076090294848329,belgium,BEL,0.0,,375.564,3081719.0,Belgium,-0.8031975604830688,-0.48191853628984127,50.6402809,4.6667145
2020-01-19,8.19001314592963,0.0,165.01572260345768,0.07786819100255289,1.0497183086738804,belgium,BEL,0.0,,375.564,3081719.0,Belgium,-0.4420539667992571,-0.26523238007955424,50.6402809,4.6667145
2020-01-20,7.162251551201778,0.0,158.27865676643773,0.08147516516820612,0.7348736531066608,belgium,BEL,0.0,,375.564,3081719.0,Belgium,-1.0277615947278518,-0.6166569568367111,50.6402809,4.6667145
2020-01-21,5.54617754124919,0.0,143.0850040718224,0.03006095058052002,0.3102409814813366,belgium,BEL,0.0,,375.564,3081719.0,Belgium,-1.6160740099525883,-0.969644405971553,50.6402809,4.6667145
2020-01-22,4.428495819348083,0.0,134.4504524219813,0.005549051737075192,0.23440660650952638,belgium,BEL,0.0,,375.564,3081719.0,Belgium,-1.117681721901107,-0.6706090331406642,50.6402809,4.6667145
2020-01-23,3.4726923299353083,0.0,129.39054002323647,0.01772067630864097,0.33377825133486,belgium,BEL,0.0,,375.564,3081719.0,Belgium,-0.9558034894127743,-0.5734820936476646,50.6402809,4.6667145
2020-01-24,2.5941482351292007,0.0,126.96324025686118,-0.0014894749116104804,0.07074509155801971,belgium,BEL,0.0,,375.564,3081719.0,Belgium,-0.8785440948061076,-0.5271264568836646,50.6402809,4.6667145
2020-01-25,1.429293467932933,0.0,122.29643142137532,-0.040687245066711196,-0.2582298964185384,belgium,BEL,0.0,,375.564,3081719.0,Belgium,-1.1648547671962677,-0.6989128603177606,50.6402809,4.6667145
2020-01-26,0.8993830327613569,0.0,119.69402853851312,0.03780461151423905,0.1735722291605572,belgium,BEL,0.0,,375.564,3081719.0,Belgium,-0.5299104351715761,-0.31794626110294566,50.6402809,4.6667145
2020-01-27,0.6082998093522928,0.0,116.79770621313612,-0.009659600739017872,-0.13478406265967188,belgium,BEL,0.0,,375.564,3081719.0,Belgium,-0.2910832234090641,-0.17464993404543847,50.6402809,4.6667145
2020-01-28,0.28226587918273577,0.0,117.42083113184393,-0.026046109250875762,-0.0898857472444767,belgium,BEL,5.56,,375.564,3081719.0,Belgium,-0.326033930169557,-0.2178603581017342,50.6402809,4.6667145
2020-01-29,0.0,0.0,119.52241888402229,-0.009310300010056742,-0.21728169531616984,belgium,BEL,5.56,,375.564,3081719.0,Belgium,-0.28226587918273577,-0.19159952750964146,50.6402809,4.6667145
2020-01-30,0.0,0.0,119.92178194707043,-0.006313077247620325,-0.006450549930818946,belgium,BEL,5.56,,375.564,3081719.0,Belgium,0.0,-0.02224,50.6402809,4.6667145
2020-01-31,0.0,0.0,117.2367504695215,0.007859595061187613,-0.0847317169387883,belgium,BEL,11.11,,375.564,3081719.0,Belgium,0.0,-0.04444,50.6402809,4.6667145
2020-02-01,0.0,0.0,113.71828932992173,-0.008543399193171928,-0.13481842101082803,belgium,BEL,11.11,,375.564,3081719.0,Belgium,0.0,-0.04444,50.6402809,4.6667145
2020-02-02,0.0,0.0,111.73172026442154,0.002234802134843069,0.14333700180195166,belgium,BEL,11.11,,375.564,3081719.0,Belgium,0.0,-0.04444,50.6402809,4.6667145
2020-02-03,0.0,0.0,117.58546866064141,-0.04016807943802184,-0.1910236644698489,belgium,BEL,11.11,,375.564,3081719.0,Belgium,0.0,-0.04444,50.6402809,4.6667145
2020-02-04,0.0,0.0,119.72263300894271,0.04921435908095301,-0.12701846389635962,belgium,BEL,11.11,,375.564,3081719.0,Belgium,0.0,-0.04444,50.6402809,4.6667145
2020-02-05,0.0,0.0,117.75865411793625,0.01756317840828702,-0.1251993272795841,belgium,BEL,11.11,,375.564,3081719.0,Belgium,0.0,-0.04444,50.6402809,4.6667145
2020-02-06,0.0,0.0,121.09976843161837,-0.011663707665528602,-0.09358746652386542,belgium,BEL,11.11,,375.564,3081719.0,Belgium,0.0,-0.04444,50.6402809,4.6667145
2020-02-07,0.0,0.0,120.52127384615285,-0.012629250861125757,-0.07277768746613063,belgium,BEL,11.11,,375.564,3081719.0,Belgium,0.0,-0.04444,50.6402809,4.6667145
2020-02-08,0.0,0.0,122.34603626914996,-0.05803826765450551,-0.2785671402681408,belgium,BEL,11.11,,375.564,3081719.0,Belgium,0.0,-0.04444,50.6402809,4.6667145
2020-02-09,0.0,0.0,120.3781232839917,0.018188706506608587,0.05743443759584512,belgium,BEL,11.11,,375.564,3081719.0,Belgium,0.0,-0.04444,50.6402809,4.6667145
2020-02-10,0.0,0.0,121.46924530888427,-0.020642067206959453,-0.09455461724140045,belgium,BEL,11.11,,375.564,3081719.0,Belgium,0.0,-0.04444,50.6402809,4.6667145
2020-02-11,0.0,0.0,122.35151197304164,-0.0027505461950628096,-0.10205753476951149,belgium,BEL,11.11,,375.564,3081719.0,Belgium,0.0,-0.04444,50.6402809,4.6667145
2020-02-12,0.0,0.0,121.63238407988453,-0.047436415540546686,-0.17244599088462842,belgium,BEL,11.11,,375.564,3081719.0,Belgium,0.0,-0.04444,50.6402809,4.6667145
2020-02-13,0.0,0.0,121.70310754444057,-0.0009862712074241138,-0.027800032184352317,belgium,BEL,11.11,,375.564,3081719.0,Belgium,0.0,-0.04444,50.6402809,4.6667145
2020-02-14,0.09501113952770923,0.0,120.74334691365324,-0.0013229590659837038,0.02515498976683291,belgium,BEL,11.11,,375.564,3081719.0,Belgium,0.09501113952770923,0.012566683716625539,50.6402809,4.6667145
2020-02-15,0.08244938266577634,0.0,119.16125912787629,0.0005276219154286075,0.01940682884993141,belgium,BEL,11.11,,375.564,3081719.0,Belgium,-0.012561756861932893,-0.051977054117159735,50.6402809,4.6667145
2020-02-16,0.0,0.0,122.27306171275939,-0.05650619521110106,-0.35949030038582996,belgium,BEL,11.11,,375.564,3081719.0,Belgium,-0.08244938266577634,-0.0939096295994658,50.6402809,4.6667145
2020-02-17,0.0,0.0,124.31456045348042,0.015770053260410546,-0.09176852846000079,belgium,BEL,11.11,,375.564,3081719.0,Belgium,0.0,-0.04444,50.6402809,4.6667145
2020-02-18,0.0,0.0,118.23455939200491,-0.04547112370574029,-0.4427905529885566,belgium,BEL,11.11,,375.564,3081719.0,Belgium,0.0,-0.04444,50.6402809,4.6667145
2020-02-19,0.0,0.0,114.48621640405673,-0.05626048527210664,-0.4939672908309106,belgium,BEL,11.11,,375.564,3081719.0,Belgium,0.0,-0.04444,50.6402809,4.6667145
2020-02-20,0.0,0.0,114.2770768772838,-0.04723209149716721,-0.3013415323750433,belgium,BEL,11.11,,375.564,3081719.0,Belgium,0.0,-0.04444,50.6402809,4.6667145
2020-02-21,0.0,0.0,114.97223695945209,0.02654156870710071,0.05450254757459833,belgium,BEL,11.11,,375.564,3081719.0,Belgium,0.0,-0.04444,50.6402809,4.6667145
2020-02-22,0.0,0.0,114.2248897408754,-0.07580259475930057,-0.5222856491884383,belgium,BEL,11.11,,375.564,3081719.0,Belgium,0.0,-0.04444,50.6402809,4.6667145
2020-02-23,0.0,0.0,119.76199199806958,-0.06538604354601646,-0.46916864871301617,belgium,BEL,11.11,,375.564,3081719.0,Belgium,0.0,-0.04444,50.6402809,4.6667145
2020-02-24,0.0,0.0,120.57564743878453,-0.10286103888686894,-0.8820861307312189,belgium,BEL,11.11,,375.564,3081719.0,Belgium,0.0,-0.04444,50.6402809,4.6667145
2020-02-25,0.0,0.0,120.78052812086669,-0.07275824041671278,-0.8387461371076135,belgium,BEL,11.11,,375.564,3081719.0,Belgium,0.0,-0.04444,50.6402809,4.6667145
2020-02-26,0.0,0.0,118.9450058894976,-0.06702169288704016,-0.9854835286712266,belgium,BEL,11.11,,375.564,3081719.0,Belgium,0.0,-0.04444,50.6402809,4.6667145
2020-02-27,0.0,0.0,119.39843426312352,-0.09328627021152495,-1.0015513845023567,belgium,BEL,11.11,,375.564,3081719.0,Belgium,0.0,-0.04444,50.6402809,4.6667145
2020-02-28,0.0,0.0,120.98437283517893,-0.06414598864331932,-0.8226952551875403,belgium,BEL,11.11,,375.564,3081719.0,Belgium,0.0,-0.04444,50.6402809,4.6667145
2020-02-29,0.0,0.0,117.08298049969771,-0.02382443156042153,-0.7832639763550938,belgium,BEL,11.11,,375.564,3081719.0,Belgium,0.0,-0.04444,50.6402809,4.6667145
2020-03-01,0.0,0.0,116.52172649712296,-0.029963968038856283,-0.5580531677856098,belgium,BEL,11.11,0.005,375.564,3081719.0,Belgium,0.0,-0.04444,50.6402809,4.6667145
2020-03-02,0.0,0.0,115.40475300091859,-0.0070084989319880294,-0.2957104980325187,belgium,BEL,11.11,0.023,375.564,3081719.0,Belgium,0.0,-0.04444,50.6402809,4.6667145
2020-03-03,0.0,0.0,116.80789707261418,-0.03318292546822747,-0.4709346477351866,belgium,BEL,11.11,0.041,375.564,3081719.0,Belgium,0.0,-0.04444,50.6402809,4.6667145
2020-03-04,0.0,0.0,118.5005235970717,-0.004184246311964925,-0.18529765000815557,belgium,BEL,13.89,0.056,375.564,3081719.0,Belgium,0.0,-0.05556,50.6402809,4.6667145
2020-03-05,0.0,0.0,115.74714806880044,-0.0022844544335239724,-0.11929745562050469,belgium,BEL,13.89,0.061,375.564,3081719.0,Belgium,0.0,-0.05556,50.6402809,4.6667145
2020-03-06,0.0,0.0,116.0265726154124,0.06425265754297567,0.49685560016921826,belgium,BEL,13.89,0.08900000000000001,375.564,3081719.0,Belgium,0.0,-0.05556,50.6402809,4.6667145
2020-03-07,0.5034963824696205,0.0,117.59513974260936,0.1157883149802767,1.546097570003598,belgium,BEL,13.89,0.035,375.564,3081719.0,Belgium,0.5034963824696205,0.24653782948177227,50.6402809,4.6667145
2020-03-08,4.786466319564101,0.0,122.84534189144023,0.19310214547427132,2.9825559269414454,belgium,BEL,13.89,0.035,375.564,3081719.0,Belgium,4.282969937094481,2.5142219622566886,50.6402809,4.6667145
2020-03-09,10.91668443373763,0.0,127.0832422319137,0.2405540463595878,4.0706191783874335,belgium,BEL,13.89,0.044,375.564,3081719.0,Belgium,6.1302181141735295,3.6225708685041176,50.6402809,4.6667145
2020-03-10,20.545075933037552,0.0,135.03633498822757,0.37258458637473296,6.6264440250341865,belgium,BEL,19.44,0.058,375.564,3081719.0,Belgium,9.628391499299921,5.699274899579953,50.6402809,4.6667145
2020-03-11,35.33361195812767,0.0,150.9224361686421,0.5724315230174017,10.113519517799531,belgium,BEL,19.44,0.079,375.564,3081719.0,Belgium,14.788536025090117,8.79536161505407,50.6402809,4.6667145
2020-03-12,56.94045169062276,0.0,172.59456601322776,0.8909915763490677,15.251835621243078,belgium,BEL,19.44,0.109,375.564,3081719.0,Belgium,21.60683973249509,12.886343839497053,50.6402809,4.6667145
2020-03-13,81.03081251696719,0.0,196.88564040132138,0.9323917478415386,16.98145475013074,belgium,BEL,23.15,0.182,375.564,3081719.0,Belgium,24.09036082634443,14.361616495806658,50.6402809,4.6667145
2020-03-14,104.09137681137146,0.0,219.55299307004782,0.8401209301892367,16.52596602950062,belgium,BEL,50.93,0.14800000000000002,375.564,3081719.0,Belgium,23.060564294404273,13.632618576642562,50.6402809,4.6667145
2020-03-15,124.29650641612716,8.335488476484272,240.25752435577004,0.6710163595281617,14.342295468946608,belgium,BEL,50.93,0.08900000000000001,375.564,3081719.0,Belgium,20.205129604755697,11.919357762853418,50.6402809,4.6667145
2020-03-16,143.20016199216593,30.348209672029938,256.0521143123019,0.6420430026222557,14.90517909339808,belgium,BEL,50.93,0.124,375.564,3081719.0,Belgium,18.903655576038773,11.138473345623263,50.6402809,4.6667145
2020-03-17,158.80235775337638,45.49002880142929,272.1146867053235,0.5843600355107352,14.962635338556092,belgium,BEL,50.93,0.153,375.564,3081719.0,Belgium,15.602195761210453,9.15759745672627,50.6402809,4.6667145
2020-03-18,178.6544427138896,62.481113926496576,294.82777150128265,1.0561901274742793,22.71026066150719,belgium,BEL,73.15,0.18,375.564,3081719.0,Belgium,19.852084960513224,11.618650976307935,50.6402809,4.6667145
2020-03-19,213.25388117129432,96.58572488566008,329.9220374569286,1.7587354427953839,35.03408218316376,belgium,BEL,73.15,0.217,375.564,3081719.0,Belgium,34.599438457404716,20.46706307444283,50.6402809,4.6667145
2020-03-20,257.2756793720926,140.2849632632421,374.2663954809431,1.9606894160254233,40.232197873680875,belgium,BEL,81.48,0.212,375.564,3081719.0,Belgium,44.02179820079829,26.08715892047897,50.6402809,4.6667145
2020-03-21,305.863850425888,186.9352540279074,424.79244682386866,1.7947488445852346,39.49223567467541,belgium,BEL,81.48,0.151,375.564,3081719.0,Belgium,48.588171053795406,28.826982632277243,50.6402809,4.6667145
2020-03-22,349.94515127202317,230.11674778853663,469.77355475550974,1.361416118445211,34.4460757170912,belgium,BEL,81.48,0.092,375.564,3081719.0,Belgium,44.08130084613515,26.12286050768109,50.6402809,4.6667145
2020-03-23,415.37882492626176,295.3370387432053,535.4206111093182,2.2196451327197257,49.37036223675514,belgium,BEL,81.48,0.21,375.564,3081719.0,Belgium,65.43367365423859,38.934284192543146,50.6402809,4.6667145
2020-03-24,488.4059772500225,367.61977163707945,609.1921828629655,2.7994310000012126,60.342242552021254,belgium,BEL,81.48,0.256,375.564,3081719.0,Belgium,73.02715232376073,43.490371394256435,50.6402809,4.6667145
2020-03-25,571.3267570816428,451.9170873820855,690.7364267812,3.812792636721548,77.84687084735168,belgium,BEL,81.48,0.281,375.564,3081719.0,Belgium,82.92077983162028,49.42654789897216,50.6402809,4.6667145
2020-03-26,687.8200348256711,570.0032530978823,805.6368165534599,5.439066077618704,106.23173413498523,belgium,BEL,81.48,0.27,375.564,3081719.0,Belgium,116.49327774402832,69.570046646417,50.6402809,4.6667145
2020-03-27,815.2472182352811,698.3825619012658,932.1118745692964,5.198078358955336,108.45632659207487,belgium,BEL,81.48,0.317,375.564,3081719.0,Belgium,127.42718340961005,76.13039004576603,50.6402809,4.6667145
2020-03-28,936.2673613416952,819.3387708634522,1053.195951819938,3.7497814278885713,91.89251332967784,belgium,BEL,81.48,0.251,375.564,3081719.0,Belgium,121.02014310641403,72.28616586384841,50.6402809,4.6667145
2020-03-29,1009.6501151482421,893.7705120004996,1125.5297182959846,1.7657700951699342,64.34645305951706,belgium,BEL,81.48,0.158,375.564,3081719.0,Belgium,73.38275380654693,43.703732283928154,50.6402809,4.6667145
2020-03-30,1168.8732305620304,1054.4957770712117,1283.250684052849,6.646040700136735,140.89215038947256,belgium,BEL,81.48,0.258,375.564,3081719.0,Belgium,159.22311541378826,95.20794924827295,50.6402809,4.6667145
2020-03-31,1349.5957038864537,1236.0376184041681,1463.1537893687394,7.898312487851902,167.64138946514407,belgium,BEL,81.48,0.397,375.564,3081719.0,Belgium,180.7224733244234,108.10756399465403,50.6402809,4.6667145
2020-04-01,1514.0326283067777,1399.5285067006773,1628.5367499128781,7.82270756814619,174.80117130056883,belgium,BEL,81.48,0.349,375.564,3081719.0,Belgium,164.43692442032398,98.33623465219439,50.6402809,4.6667145
2020-04-02,1698.4226800752547,1582.376057159043,1814.4693029914663,8.114568023775384,186.30135487770164,belgium,BEL,81.48,0.362,375.564,3081719.0,Belgium,184.39005176847695,110.30811106108617,50.6402809,4.6667145
2020-04-03,1868.9033201273699,1752.7557229334814,1985.0509173212583,5.303425073275027,151.83458794134856,belgium,BEL,81.48,0.386,375.564,3081719.0,Belgium,170.48064005211518,101.9624640312691,50.6402809,4.6667145
2020-04-04,1999.829485907507,1886.707844919739,2112.951126895275,0.5896258798530633,86.33287132288216,belgium,BEL,81.48,0.32,375.564,3081719.0,Belgium,130.92616578013713,78.22977946808227,50.6402809,4.6667145
2020-04-05,1936.469380356685,1819.3032628032825,2053.6354979100875,-4.968259131178744,4.436463711126407,belgium,BEL,81.48,0.195,375.564,3081719.0,Belgium,-63.36010555082203,-38.34198333049322,50.6402809,4.6667145
2020-04-06,1911.2669934621827,1791.3939427399748,2031.1400441843905,-0.07222376350192046,70.4829960572624,belgium,BEL,81.48,0.325,375.564,3081719.0,Belgium,-25.202386894502297,-15.447352136701378,50.6402809,4.6667145
2020-04-07,1908.5047982656615,1790.0035669607796,2027.0060295705434,2.013401044173944,101.48933622698203,belgium,BEL,81.48,0.4320000000000001,375.564,3081719.0,Belgium,-2.7621951965211338,-1.9832371179126802,50.6402809,4.6667145
2020-04-08,1871.7495180487829,1756.8820776057125,1986.6169584918532,1.1759954573709228,90.3147542774415,belgium,BEL,81.48,0.438,375.564,3081719.0,Belgium,-36.755280216878646,-22.379088130127187,50.6402809,4.6667145
2020-04-09,1842.2885330846448,1725.6344417580385,1958.942624411251,-0.444700424753379,67.26121952574964,belgium,BEL,81.48,0.44,375.564,3081719.0,Belgium,-29.460984964138106,-18.002510978482864,50.6402809,4.6667145
2020-04-10,1814.7634079564057,1700.560116882063,1928.9666990307483,-4.21060546059984,9.03250681634562,belgium,BEL,81.48,0.487,375.564,3081719.0,Belgium,-27.525125128239097,-16.840995076943457,50.6402809,4.6667145
2020-04-11,1786.7644570403452,1671.0242281977385,1902.504685882952,-8.816238728335259,-66.0520880736271,belgium,BEL,81.48,0.498,375.564,3081719.0,Belgium,-27.998950916060494,-17.125290549636297,50.6402809,4.6667145
2020-04-12,1559.6335283154883,1445.5402798140508,1673.7267768169258,-13.75592481397199,-151.8063987955335,belgium,BEL,81.48,0.478,375.564,3081719.0,Belgium,-227.13092872485686,-136.6044772349141,50.6402809,4.6667145
2020-04-13,1393.0766804173218,1278.0724101271644,1508.0809507074791,-6.719524224715622,-58.43849156505478,belgium,BEL,81.48,0.445,375.564,3081719.0,Belgium,-166.55684789816655,-100.26002873889992,50.6402809,4.6667145
2020-04-14,1245.6094045042162,1129.3666272240043,1361.852181784428,-5.224993067946775,-42.16174585228722,belgium,BEL,81.48,0.474,375.564,3081719.0,Belgium,-147.4672759131056,-88.80628554786335,50.6402809,4.6667145
2020-04-15,1141.1966013586753,1022.0554776758279,1260.3377250415226,-3.404489036586977,-19.645202133572898,belgium,BEL,81.48,0.608,375.564,3081719.0,Belgium,-104.41280314554092,-62.973601887324556,50.6402809,4.6667145
2020-04-16,1222.9254082639538,1101.926190439624,1343.9246260882837,3.4603266607292236,78.57831025501073,belgium,BEL,81.48,0.581,375.564,3081719.0,Belgium,81.72880690527859,48.711364143167145,50.6402809,4.6667145
2020-04-17,1387.80139508914,1265.427350361439,1510.175439816841,2.395422925502809,66.27081720135861,belgium,BEL,81.48,0.6829999999999999,375.564,3081719.0,Belgium,164.87598682518615,98.59967209511169,50.6402809,4.6667145
2020-04-18,1559.1776592469407,1437.8517168780534,1680.503601615828,-3.6500046028562467,-22.74864688346514,belgium,BEL,81.48,0.6809999999999999,375.564,3081719.0,Belgium,171.37626415780073,102.49983849468045,50.6402809,4.6667145
2020-04-19,1449.5276460645364,1331.3657605729843,1567.6895315560885,-12.196314884298014,-157.1240973718705,belgium,BEL,81.48,0.48,375.564,3081719.0,Belgium,-109.65001318240434,-66.11592790944259,50.6402809,4.6667145
2020-04-20,1207.498996413822,1091.755724049093,1323.2422687785509,-16.410544201116835,-235.57703036386923,belgium,BEL,81.48,0.746,375.564,3081719.0,Belgium,-242.02864965071444,-145.54310979042864,50.6402809,4.6667145
2020-04-21,1023.474669330764,907.3689443043932,1139.5803943571348,-10.13210933797328,-154.0641410154969,belgium,BEL,81.48,0.604,375.564,3081719.0,Belgium,-184.02432708305798,-110.74051624983478,50.6402809,4.6667145
2020-04-22,796.3360776835352,683.7171821540799,908.9549732129906,-4.571358342544248,-79.43278373886417,belgium,BEL,81.48,1.063,375.564,3081719.0,Belgium,-227.13859164722874,-136.60907498833723,50.6402809,4.6667145
2020-04-23,644.2295592841349,529.6832969098652,758.7758216584045,-0.44715997075966746,-20.05504524440532,belgium,BEL,81.48,1.16,375.564,3081719.0,Belgium,-152.10651839940033,-91.58983103964019,50.6402809,4.6667145
2020-04-24,591.5739901192777,476.3499529215891,706.7980273169663,-0.5057179988953857,-21.685957266368696,belgium,BEL,81.48,1.314,375.564,3081719.0,Belgium,-52.655569164857184,-31.91926149891431,50.6402809,4.6667145
2020-04-25,644.8280431196439,529.6895821470314,759.9665040922564,-3.6446232745652685,-69.97076151902657,belgium,BEL,81.48,1.22,375.564,3081719.0,Belgium,53.254053000366184,31.62651180021971,50.6402809,4.6667145
2020-04-26,704.8652582436922,590.1561299552136,819.5743865321708,-8.688639071093972,-148.78998757154085,belgium,BEL,81.48,1.026,375.564,3081719.0,Belgium,60.037215124048316,35.696409074428985,50.6402809,4.6667145
2020-04-27,732.8484216778569,615.7591391301341,849.9377042255796,-4.414218214064887,-94.0348416575975,belgium,BEL,81.48,1.256,375.564,3081719.0,Belgium,27.98316343416468,16.463978060498807,50.6402809,4.6667145
2020-04-28,726.3844591024462,611.0791809966661,841.6897372082262,-1.102993132825939,-48.680174704996396,belgium,BEL,81.48,1.4280000000000002,375.564,3081719.0,Belgium,-6.463962575410733,-4.2042975452464395,50.6402809,4.6667145
2020-04-29,615.9284634980028,497.5430492971719,734.3138776988337,-2.470120334475209,-71.06511689005092,belgium,BEL,81.48,1.679,375.564,3081719.0,Belgium,-110.45599560444339,-66.59951736266602,50.6402809,4.6667145
2020-04-30,519.2334441409783,398.20146258996806,640.2654256919886,-1.3946960815288227,-57.08802355847959,belgium,BEL,81.48,1.839,375.564,3081719.0,Belgium,-96.69501935702442,-58.342931614214656,50.6402809,4.6667145
2020-05-01,458.64894201687883,338.74024145514284,578.5576425786148,-2.392144782109078,-73.2303792115495,belgium,BEL,81.48,1.834,375.564,3081719.0,Belgium,-60.584502124099515,-36.67662127445971,50.6402809,4.6667145
2020-05-02,448.78415310477317,328.4930175990447,569.0752886105016,-4.617140667473517,-109.72289819606434,belgium,BEL,81.48,1.265,375.564,3081719.0,Belgium,-9.864788912105666,-6.2447933472634,50.6402809,4.6667145
2020-05-03,311.1600969950649,190.21337306302507,432.10682092710476,-7.423471629116071,-157.6696880304914,belgium,BEL,81.48,1.03,375.564,3081719.0,Belgium,-137.62405610970825,-82.90035366582494,50.6402809,4.6667145
2020-05-04,171.04073563636015,47.957346632055405,294.1241246406649,-3.74719728380151,-108.78487624837788,belgium,BEL,81.48,1.773,375.564,3081719.0,Belgium,-140.11936135870477,-84.39753681522285,50.6402809,4.6667145
2020-05-05,79.42762071221874,0.0,200.90304896243634,-2.056105576103304,-87.3247396129112,belgium,BEL,78.7,1.503,375.564,3081719.0,Belgium,-91.61311492414141,-55.28266895448485,50.6402809,4.6667145
2020-05-06,0.0,0.0,117.96826601062263,-0.8356697474229138,-70.89517006340019,belgium,BEL,78.7,1.482,375.564,3081719.0,Belgium,-79.42762071221874,-47.97137242733124,50.6402809,4.6667145
2020-05-07,0.0,0.0,119.70232015261783,1.075480483945271,-43.35228090301913,belgium,BEL,78.7,1.5619999999999998,375.564,3081719.0,Belgium,0.0,-0.3148,50.6402809,4.6667145
2020-05-08,0.0,0.0,117.41952752079398,1.4666347548142564,-36.01458338879549,belgium,BEL,78.7,1.897,375.564,3081719.0,Belgium,0.0,-0.3148,50.6402809,4.6667145
2020-05-09,37.883162229304624,0.0,155.648383917844,0.8692157647696273,-43.28259800332606,belgium,BEL,78.7,1.533,375.564,3081719.0,Belgium,37.883162229304624,22.415097337582772,50.6402809,4.6667145
2020-05-10,37.55709563644608,0.0,155.93328165697835,-0.3058504839327018,-60.270929559625266,belgium,BEL,78.7,0.887,375.564,3081719.0,Belgium,-0.32606659285854533,-0.5104399557151272,50.6402809,4.6667145
2020-05-11,90.9385263708197,0.0,210.51671711649897,3.703518577965125,0.2572868238014968,belgium,BEL,75.0,0.69,375.564,3081719.0,Belgium,53.38143073437362,31.72885844062417,50.6402809,4.6667145
2020-05-12,169.9771286194368,52.728368609107434,287.22588862976613,5.4317897978764345,30.611939636560113,belgium,BEL,75.0,1.398,375.564,3081719.0,Belgium,79.0386022486171,47.12316134917026,50.6402809,4.6667145
2020-05-13,254.11734931475635,134.31567441969827,373.91902420981444,6.606480245741883,54.42074503282107,belgium,BEL,75.0,1.663,375.564,3081719.0,Belgium,84.14022069531956,50.184132417191734,50.6402809,4.6667145
2020-05-14,339.85722557328677,217.8595602773272,461.85489086924633,6.244109028261772,55.46585564347393,belgium,BEL,75.0,1.408,375.564,3081719.0,Belgium,85.73987625853042,51.143925755118254,50.6402809,4.6667145
2020-05-15,427.13722458204705,305.65213946056315,548.622309703531,5.010648191308474,42.100483613491086,belgium,BEL,75.0,1.436,375.564,3081719.0,Belgium,87.27999900876029,52.067999405256174,50.6402809,4.6667145
2020-05-16,516.3293350691041,398.3625236039111,634.2961465342971,3.249969212790394,19.65096878325648,belgium,BEL,75.0,0.996,375.564,3081719.0,Belgium,89.19211048705705,53.21526629223423,50.6402809,4.6667145
2020-05-17,504.5903201314102,386.32443502657316,622.8562052362472,1.3883848533685337,-5.9879659212948315,belgium,BEL,75.0,0.7140000000000001,375.564,3081719.0,Belgium,-11.739014937693923,-7.343408962616354,50.6402809,4.6667145
2020-05-18,489.90677128787934,370.424645232394,609.3888973433646,2.963236192025173,19.961471560248732,belgium,BEL,75.0,0.614,375.564,3081719.0,Belgium,-14.683548843530843,-9.110129306118507,50.6402809,4.6667145
2020-05-19,459.449790280958,340.5421765064436,578.3574040554724,3.4322285677602173,30.367391896087945,belgium,BEL,75.0,1.096,375.564,3081719.0,Belgium,-30.456981006921353,-18.574188604152813,50.6402809,4.6667145
2020-05-20,424.27442039613044,305.63350361879213,542.9153371734687,3.068415156957133,27.970615374966886,belgium,BEL,75.0,1.223,375.564,3081719.0,Belgium,-35.175369884827546,-21.405221930896527,50.6402809,4.6667145
2020-05-21,398.61814377961537,279.14361586028514,518.0926716989457,2.448803172679993,22.39890294268858,belgium,BEL,75.0,0.647,375.564,3081719.0,Belgium,-25.656276616515072,-15.693765969909043,50.6402809,4.6667145
2020-05-22,385.128327960329,265.1124194180584,505.1442365025996,1.4716619022934212,9.47756924457722,belgium,BEL,75.0,0.8390000000000001,375.564,3081719.0,Belgium,-13.489815819286378,-8.393889491571827,50.6402809,4.6667145
2020-05-23,382.92100051874786,263.0246856803745,502.81731535712123,0.08793472650802249,-8.790423651314933,belgium,BEL,75.0,0.564,375.564,3081719.0,Belgium,-2.2073274415811284,-1.624396464948677,50.6402809,4.6667145
2020-05-24,322.10243495604294,203.86611303627177,440.3387568758141,-1.2836534940374171,-29.429627193577534,belgium,BEL,75.0,0.458,375.564,3081719.0,Belgium,-60.81856556270492,-36.791139337622944,50.6402809,4.6667145
2020-05-25,265.6675267023254,147.8960288252008,383.43902457945,-0.12519524789615957,-12.860977623368925,belgium,BEL,75.0,0.58,375.564,3081719.0,Belgium,-56.43490825371754,-34.160944952230516,50.6402809,4.6667145
2020-05-26,222.1641036964298,107.38534500962929,336.9428623832303,0.5228880905781547,-2.93506549076188,belgium,BEL,75.0,1.041,375.564,3081719.0,Belgium,-43.5034230058956,-26.40205380353736,50.6402809,4.6667145
2020-05-27,207.7389724313688,90.0079658086893,325.4699790540483,1.744908859364711,15.99582665732083,belgium,BEL,75.0,1.179,375.564,3081719.0,Belgium,-14.425131265060998,-8.9550787590366,50.6402809,4.6667145
2020-05-28,178.8621932850608,63.634754357648674,294.08963221247296,0.08411718333417154,-7.785715964706694,belgium,BEL,75.0,0.802,375.564,3081719.0,Belgium,-28.876779146307996,-17.6260674877848,50.6402809,4.6667145
2020-05-29,152.01552498842733,35.48966360925829,268.5413863675964,-0.81513185394605,-22.500257392712243,belgium,BEL,75.0,0.895,375.564,3081719.0,Belgium,-26.84666829663348,-16.408000977980087,50.6402809,4.6667145
2020-05-30,138.6273962266866,22.86070030215187,254.39409215122134,-1.357155960391052,-31.367975587157233,belgium,BEL,75.0,0.627,375.564,3081719.0,Belgium,-13.388128761740717,-8.33287725704443,50.6402809,4.6667145
2020-05-31,99.73902744187505,0.0,216.3029712386251,-1.497258374723455,-34.697583379099925,belgium,BEL,75.0,0.446,375.564,3081719.0,Belgium,-38.88836878481156,-23.633021270886935,50.6402809,4.6667145
2020-06-01,81.68144309989647,0.0,200.3178681156263,0.49982083839729285,-6.629622580387501,belgium,BEL,75.0,0.337,375.564,3081719.0,Belgium,-18.057584341978583,-11.13455060518715,50.6402809,4.6667145
2020-06-02,49.79290609990621,0.0,165.91917663883865,0.9944381325580954,2.0717747518360476,belgium,BEL,75.0,0.639,375.564,3081719.0,Belgium,-31.888536999990258,-19.433122199994155,50.6402809,4.6667145
2020-06-03,53.02870074128801,0.0,169.55859607399117,1.254201025344993,6.7221738365399935,belgium,BEL,75.0,0.929,375.564,3081719.0,Belgium,3.2357946413818013,1.6414767848290805,50.6402809,4.6667145
2020-06-04,77.7026573268036,0.0,194.49303476649857,1.2217977907442512,7.498358923910693,belgium,BEL,75.0,0.764,375.564,3081719.0,Belgium,24.67395658551559,14.504373951309352,50.6402809,4.6667145
2020-06-05,111.58781919088703,0.0,228.46133553743448,0.9004993179834174,3.861725423733598,belgium,BEL,71.3,0.816,375.564,3081719.0,Belgium,33.88516186408343,20.045897118450057,50.6402809,4.6667145
2020-06-06,144.4264334484702,25.78795441610265,263.06491248083773,0.3838076743983607,-2.989072456405418,belgium,BEL,71.3,0.764,375.564,3081719.0,Belgium,32.83861425758316,19.417968554549894,50.6402809,4.6667145
2020-06-07,133.58716292266243,13.508225163252035,253.66610068207282,-0.26521682913045225,-11.869088508446257,belgium,BEL,71.3,0.468,375.564,3081719.0,Belgium,-10.839270525807763,-6.788762315484657,50.6402809,4.6667145
2020-06-08,107.21296731014048,0.0,228.80678293266328,-0.46187052534534334,-15.295745933983394,belgium,BEL,50.0,0.675,375.564,3081719.0,Belgium,-26.374195612521945,-16.024517367513166,50.6402809,4.6667145
2020-06-09,92.09182326853846,0.0,211.28949668517174,0.5307026619765253,-0.8188822329912094,belgium,BEL,50.0,0.95,375.564,3081719.0,Belgium,-15.121144041602022,-9.272686424961213,50.6402809,4.6667145
2020-06-10,85.99799374752575,0.0,208.85451128721297,1.0686532400825086,7.499992651730944,belgium,BEL,50.0,0.91,375.564,3081719.0,Belgium,-6.093829521012708,-3.856297712607625,50.6402809,4.6667145
2020-06-11,92.76568622489033,0.0,215.34921477653427,1.4258998385027184,13.869979105044141,belgium,BEL,50.0,0.897,375.564,3081719.0,Belgium,6.767692477364577,3.8606154864187454,50.6402809,4.6667145
2020-06-12,108.61935215291656,0.0,229.3014113629489,1.2537047641725845,13.37236487476004,belgium,BEL,50.0,0.8759999999999999,375.564,3081719.0,Belgium,15.853665928026231,9.31219955681574,50.6402809,4.6667145
2020-06-13,130.28200420799655,12.553474734838318,248.01053368115478,0.8525103734592525,7.930313355574234,belgium,BEL,50.0,0.813,375.564,3081719.0,Belgium,21.662652055079988,12.797591233047994,50.6402809,4.6667145
2020-06-14,147.5597138785071,30.22564314287594,264.89378461413827,0.26130248232116626,-0.3511006509575157,belgium,BEL,50.0,0.376,375.564,3081719.0,Belgium,17.277709670510546,10.166625802306328,50.6402809,4.6667145
2020-06-15,156.2122324101281,42.85756007814133,269.5669047421149,0.5929007804127324,5.602907493167473,belgium,BEL,50.0,0.757,375.564,3081719.0,Belgium,8.652518531621013,4.991511118972607,50.6402809,4.6667145
2020-06-16,159.67756561164308,46.36294193675383,272.9921892865323,0.8201149323143663,9.050988782544078,belgium,BEL,50.0,0.961,375.564,3081719.0,Belgium,3.465333201514966,1.8791999209089794,50.6402809,4.6667145
2020-06-17,153.89518254170983,42.36507813807769,265.42528694534195,0.6451010372643101,7.6645264185128825,belgium,BEL,50.0,1.0,375.564,3081719.0,Belgium,-5.782383069933246,-3.6694298419599476,50.6402809,4.6667145
2020-06-18,143.95872671362105,30.406597075245983,257.5108563519961,0.36450085460568843,4.150051611475512,belgium,BEL,50.0,0.887,375.564,3081719.0,Belgium,-9.936455828088782,-6.16187349685327,50.6402809,4.6667145
2020-06-19,133.3910913917155,18.504466555177615,248.27771622825338,0.029818271611863005,-1.3327196543659632,belgium,BEL,50.0,0.865,375.564,3081719.0,Belgium,-10.567635321905556,-6.540581193143334,50.6402809,4.6667145
2020-06-20,124.65816529103131,8.0956097235633,241.2207208584993,-0.3888650103217764,-7.782239646431532,belgium,BEL,50.0,0.8340000000000001,375.564,3081719.0,Belgium,-8.732926100684182,-5.439755660410509,50.6402809,4.6667145
2020-06-21,98.85447239048615,0.0,210.4916840902677,-0.7737877963025722,-14.45762893407189,belgium,BEL,50.0,0.414,375.564,3081719.0,Belgium,-25.80369290054516,-15.682215740327093,50.6402809,4.6667145
2020-06-22,80.26720328163846,0.0,193.29546283776924,-0.08359317008991207,-4.218610406824804,belgium,BEL,50.0,0.633,375.564,3081719.0,Belgium,-18.587269108847693,-11.352361465308615,50.6402809,4.6667145
2020-06-23,65.26490135692956,0.0,178.64876911719352,0.10027364659996957,-1.7863233285722036,belgium,BEL,50.0,0.892,375.564,3081719.0,Belgium,-15.002301924708902,-9.20138115482534,50.6402809,4.6667145
2020-06-24,59.67802796119886,0.0,176.1827526177586,0.35898027043348385,2.6492360187682213,belgium,BEL,50.0,,375.564,3081719.0,Belgium,-5.586873395730699,-3.552124037438419,50.6402809,4.6667145
2020-06-25,62.975100373614985,0.0,178.46333926356192,0.46446476013259735,4.220911444671591,belgium,BEL,50.0,,375.564,3081719.0,Belgium,3.297072412416128,1.7782434474496767,50.6402809,4.6667145
2020-06-26,71.94243904740839,0.0,188.14089497516883,0.217275272286806,1.659679019907376,belgium,BEL,50.0,,375.564,3081719.0,Belgium,8.9673386737934,5.18040320427604,50.6402809,4.6667145
2020-06-27,83.7948919639043,0.0,201.33882722898434,-0.04306649593307183,-3.262528806274351,belgium,BEL,50.0,,375.564,3081719.0,Belgium,11.85245291649592,6.911471749897552,50.6402809,4.6667145
2020-06-27,0.0,0.0,0.0,,,belgium,BEL,50.0,,375.564,3081719.0,Belgium,-83.7948919639043,-50.476935178342586,50.6402809,4.6667145
2020-06-28,15.57154045257833,0.0,62.032827178743986,,,belgium,,50.0,,,,,15.57154045257833,9.142924271546997,50.6402809,4.6667145
2020-06-29,18.149319255611598,0.0,75.40165837832637,,,belgium,,50.0,,,,,2.5777788030332687,1.3466672818199612,50.6402809,4.6667145
2020-06-30,17.36709995587514,0.0,87.25405755609012,,,belgium,,50.0,,,,,-0.7822192997364574,-0.6693315798418744,50.6402809,4.6667145
2020-07-01,15.153147779109739,0.0,99.53778656118808,,,belgium,,50.0,,,,,-2.2139521767654013,-1.5283713060592408,50.6402809,4.6667145
2020-07-02,12.627623149258115,0.0,113.43492761263265,,,belgium,,50.0,,,,,-2.525524629851624,-1.7153147779109743,50.6402809,4.6667145
2020-07-03,12.627623149258115,0.0,131.85470348459629,,,belgium,,50.0,,,,,0.0,-0.2,50.6402809,4.6667145
